"id","position","goals","assists","started","subbed","rating","mom_votes","match_id","player_id"
"68","LW","0","1","false","true","5","0","2","22"
"70","RW","1","0","false","true","5","0","2","18"
"71","RB","0","0","false","true","4","0","2","14"
"72","RW","0","0","false","true","3","0","2","27"
"14","LW","0","0","false","true","3","0","1","18"
"13","RCF","1","0","false","true","5","0","1","24"
"12","RCM","0","1","false","true","4","0","1","22"
"75","RCB","0","0","true","false","2","0","6","6"
"35","LCM","1","0","true","false","5","4","4","16"
"10","RCF","0","0","true","false","4","0","1","25"
"78","HDM","0","0","true","false","3","0","6","17"
"9","RW","0","0","true","false","4","0","1","19"
"79","LCM","0","0","true","false","3","0","6","16"
"7","RCM","0","0","true","false","4","0","1","20"
"6","HDM","0","0","true","false","4","0","1","17"
"5","LB","0","0","true","false","4","0","1","7"
"4","LCB","0","0","true","false","5","0","1","12"
"3","RCB","0","0","true","false","5","0","1","6"
"2","RB","0","0","true","false","4","0","1","13"
"80","RCM","0","0","true","false","3","0","6","20"
"67","RCF","0","0","true","false","4","2","2","25"
"15","GK","0","0","true","false","4","0","5","1"
"16","RB","0","0","true","false","4","0","5","13"
"17","RCB","0","0","true","false","4","0","5","6"
"18","LCB","0","0","true","false","4","0","5","12"
"19","LB","0","0","true","false","4","0","5","7"
"20","HDM","0","0","true","false","4","0","5","17"
"21","LCM","0","0","true","false","5","0","5","16"
"22","RCM","1","0","true","false","5","0","5","20"
"23","RW","0","1","true","false","5","0","5","19"
"24","LW","0","1","true","false","5","0","5","23"
"25","RCF","1","0","true","false","5","0","5","24"
"26","RCF","0","0","false","true","3","0","5","25"
"27","RW","0","0","false","true","3","0","5","18"
"28","LW","0","0","false","true","3","0","5","22"
"29","GK","0","0","true","false","5","0","4","1"
"30","RB","0","0","true","false","4","0","4","13"
"31","RCB","0","0","true","false","5","0","4","6"
"32","LCB","0","0","true","false","5","0","4","12"
"33","LB","0","0","true","false","4","0","4","7"
"34","HDM","0","0","true","false","5","0","4","17"
"36","RCM","0","0","true","false","4","0","4","20"
"37","RW","0","1","true","false","5","0","4","19"
"38","LW","0","0","true","false","4","0","4","23"
"39","RCF","0","0","true","false","4","0","4","24"
"40","LW","0","0","false","true","4","0","4","22"
"41","RCF","0","0","false","true","5","0","4","25"
"42","RCM","0","0","false","true","4","0","4","15"
"43","RW","0","0","false","true","3","0","4","18"
"44","GK","0","0","true","false","4","0","3","1"
"45","RB","0","0","true","false","4","0","3","13"
"46","RCB","0","0","true","false","4","0","3","6"
"47","LCB","0","0","true","false","4","0","3","12"
"48","LB","1","0","true","false","5","0","3","7"
"49","HDM","0","0","true","false","4","0","3","17"
"50","LCM","0","0","true","false","4","0","3","20"
"52","RW","0","0","true","false","4","0","3","19"
"53","LW","0","1","true","false","5","0","3","23"
"54","RCF","0","0","true","false","4","0","3","24"
"55","RCM","0","0","false","true","4","0","3","22"
"56","RCF","1","0","false","true","5","0","3","25"
"11","LW","0","1","true","false","5","1","1","23"
"82","LW","0","0","true","false","3","1","6","23"
"58","RB","0","1","true","false","5","0","2","13"
"59","RCB","0","0","true","false","5","0","2","6"
"61","LB","0","0","true","false","4","0","2","7"
"62","HDM","0","0","true","false","5","0","2","17"
"63","RCM","1","0","true","false","4","0","2","20"
"66","LW","0","0","true","false","4","0","2","23"
"81","RW","0","0","true","false","3","0","6","19"
"84","RW","0","0","false","true","3","0","6","22"
"86","RCB","0","0","false","true","3","0","6","9"
"85","RCF","0","0","false","true","3","1","6","25"
"87","RW","0","0","false","true","3","0","6","18"
"65","RW","0","2","true","false","5","1","2","19"
"74","RB","0","0","true","false","4","1","6","13"
"77","LB","0","0","true","false","2","2","6","7"
"57","GK","0","0","true","false","4","1","2","1"
"64","LCM","0","1","true","false","4","1","2","16"
"60","LCB","0","0","true","false","5","2","2","12"
"95","RCM","0","0","true","false","2","1","7","22"
"76","LCB","0","0","true","false","2","1","6","12"
"73","GK","0","0","true","false","3","6","6","1"
"69","RCF","1","0","false","true","5","1","2","24"
"1","GK","0","0","true","false","4","4","1","1"
"51","LCM","1","1","true","false","6","5","3","16"
"89","RCB","0","0","true","false","4","2","7","6"
"100","RCM","0","0","false","true","4","0","7","20"
"8","LCM","1","0","true","false","5","6","1","16"
"94","LCM","0","0","true","false","4","0","7","16"
"90","LCB","0","0","true","false","3","2","7","9"
"83","RCF","0","0","true","false","3","1","6","24"
"93","HDM","0","0","true","false","3","2","7","17"
"96","RW","0","0","true","false","3","0","7","19"
"97","RCF","0","0","true","false","4","0","7","25"
"92","LB","0","0","true","false","2","3","7","7"
"99","LB","0","0","false","true","3","0","7","12"
"98","LW","0","0","true","false","4","2","7","23"
"102","RW","0","0","false","true","4","0","7","18"
"103","RCB","3","0","false","true","2","0","7","14"
"101","RCF","0","0","false","true","3","0","7","24"
"88","RB","0","0","true","false","3","0","7","13"
"91","GK","0","0","true","false","5","12","7","1"
"107","RCB","0","0","true","false","3","0","8","6"
"108","RB","0","0","true","false","3","0","8","14"
"109","HDM","0","0","true","false","3","0","8","17"
"111","RCM","0","0","true","false","3","0","8","20"
"115","LCB","0","0","true","false","3","0","8","8"
"116","RCF","0","0","false","true","3","0","8","24"
"117","RW","0","0","false","true","3","0","8","18"
"118","RCM","0","0","false","true","3","0","8","22"
"119","HDM","0","0","false","true","3","0","8","15"
"142","RW","0","0","true","false","4","0","10","19"
"104","GK","0","0","true","false","3","0","8","1"
"138","LB","0","1","true","false","5","0","10","12"
"112","LW","1","0","true","false","4","1","8","23"
"113","RW","0","0","true","false","3","1","8","19"
"110","LCM","1","1","true","false","5","2","8","16"
"176","RCB","0","0","false","true","3","0","12","8"
"175","RCF","0","0","false","true","3","0","12","24"
"174","RW","0","0","false","true","3","0","12","15"
"139","HDM","1","0","true","false","5","2","10","17"
"120","GK","0","0","true","false","4","0","9","1"
"143","LW","2","1","true","false","6","7","10","23"
"122","LCB","0","0","true","false","4","0","9","12"
"123","LB","0","0","true","false","5","0","9","7"
"124","RCM","0","0","true","false","4","0","9","15"
"125","RCM","0","0","true","false","4","0","9","17"
"121","RB","0","0","true","false","5","1","9","14"
"127","RW","0","0","true","false","5","0","9","18"
"128","LW","1","0","true","false","4","0","9","23"
"129","RCF","0","0","true","false","4","0","9","24"
"130","LCB","0","0","true","false","4","1","9","9"
"131","RCM","0","0","false","true","3","0","9","22"
"132","LCF","0","1","false","true","5","0","9","25"
"105","LB","0","0","true","false","4","1","8","12"
"114","RCF","0","1","true","false","4","1","8","25"
"173","LW","0","0","false","true","3","0","12","22"
"126","LCM","0","1","true","false","6","3","9","16"
"133","RCM","1","0","false","true","5","0","9","20"
"152","LB","0","0","true","false","3","0","11","7"
"145","RW","0","1","false","true","4","0","10","22"
"146","RCF","0","0","false","true","3","0","10","24"
"147","RB","0","0","false","true","3","0","10","13"
"135","RB","0","0","true","false","4","0","10","14"
"136","RCB","0","0","true","false","4","0","10","6"
"137","LCB","0","0","true","false","4","0","10","9"
"158","RCF","1","0","true","false","5","4","11","25"
"140","RCM","0","0","true","false","5","0","10","20"
"193","RB","1","0","true","false","5","1","14","14"
"144","RCF","0","0","true","false","5","0","10","25"
"134","GK","4","0","true","false","4","0","10","1"
"156","RW","0","0","true","false","3","0","11","19"
"162","GK","0","0","true","false","4","0","12","1"
"163","RB","0","0","true","false","4","0","12","14"
"159","RW","0","0","false","true","3","0","11","22"
"164","RCB","0","0","true","false","4","0","12","9"
"157","LW","0","1","true","false","4","0","11","23"
"155","LCM","0","0","true","false","4","0","11","16"
"154","RCM","0","0","true","false","4","0","11","20"
"177","GK","0","0","true","false","4","0","13","1"
"151","LCB","0","0","true","false","4","0","11","12"
"148","GK","0","0","true","false","5","0","11","1"
"160","RW","0","0","false","true","3","0","11","18"
"161","LB","0","0","false","true","3","0","11","13"
"150","RCB","0","0","true","false","4","0","11","6"
"149","RB","0","0","true","false","4","0","11","14"
"165","LCB","0","0","true","false","4","0","12","12"
"166","LB","0","0","true","false","4","0","12","7"
"141","LCM","0","0","true","false","6","1","10","16"
"168","RCM","0","0","true","false","4","1","12","20"
"169","LCM","0","0","true","false","5","0","12","16"
"178","RB","0","0","true","false","4","0","13","14"
"170","LW","0","1","true","false","4","0","12","18"
"172","RCF","0","0","true","false","5","1","12","25"
"179","RCB","0","0","true","false","5","0","13","9"
"171","RW","0","1","true","false","4","0","12","19"
"153","HDM","1","0","true","false","4","0","11","17"
"191","LW","0","0","false","true","3","0","13","28"
"190","RCM","0","0","false","true","3","0","13","15"
"180","LCB","0","0","true","false","4","0","13","12"
"181","LB","0","0","true","false","4","0","13","7"
"183","LCM","0","0","true","false","5","0","13","20"
"184","RCM","0","1","true","false","5","0","13","16"
"185","RW","0","0","true","false","4","0","13","19"
"186","RCF","0","1","true","false","4","0","13","25"
"188","RW","0","1","false","true","4","0","13","18"
"189","RCF","1","0","false","true","4","0","13","24"
"187","LW","2","0","true","false","6","5","13","23"
"167","HDM","1","0","true","false","5","4","12","17"
"203","LCM","0","0","false","true","3","0","14","15"
"201","RW","0","1","true","false","4","0","14","19"
"194","RCB","0","0","true","false","4","0","14","9"
"202","RCF","2","0","true","false","5","2","14","25"
"182","HDM","0","0","true","false","5","4","13","17"
"204","LW","0","0","false","true","3","0","14","22"
"205","RW","0","0","false","true","3","0","14","18"
"206","RCF","0","0","false","true","3","0","14","24"
"192","GK","0","0","true","false","4","0","14","1"
"195","LCB","0","0","true","false","4","0","14","6"
"196","LB","0","0","true","false","4","0","14","12"
"197","HDM","0","0","true","false","4","0","14","17"
"198","RCM","0","0","true","false","4","0","14","20"
"199","LCM","0","0","true","false","4","0","14","16"
"200","LW","0","2","true","false","5","1","14","23"
"218","RCF","0","0","false","true","4","0","15","24"
"219","RCM","0","0","false","true","5","0","15","15"
"220","RW","0","0","false","true","4","0","15","18"
"215","RW","0","0","true","false","4","0","15","19"
"214","RCM","0","0","true","false","4","0","15","20"
"213","LCM","0","0","true","false","4","0","15","16"
"212","HDM","0","0","true","false","4","0","15","17"
"211","RB","0","0","true","false","4","0","15","14"
"210","RCB","0","0","true","false","4","0","15","6"
"209","LCB","0","0","true","false","4","0","15","9"
"208","LB","0","0","true","false","4","0","15","12"
"207","GK","0","0","true","false","3","0","15","1"
"216","RCF","1","0","true","false","5","3","15","25"
"217","LW","1","0","true","false","6","2","15","23"
"231","RCF","0","0","true","false","4","0","16","25"
"229","LW","0","0","true","false","4","0","16","23"
"228","RCM","0","0","true","false","3","0","16","20"
"226","HDM","0","0","true","false","4","0","16","17"
"225","LB","0","0","true","false","3","0","16","12"
"224","LCB","0","0","true","false","4","0","16","9"
"223","RCB","0","0","true","false","3","0","16","6"
"222","RB","0","0","true","false","3","0","16","14"
"221","GK","0","0","true","false","4","1","16","1"
"232","LCM","0","0","false","true","4","0","16","13"
"233","LB","0","0","false","true","3","0","16","7"
"234","RCF","0","0","false","true","3","0","16","24"
"227","LCM","1","0","true","false","5","0","16","16"
"230","RW","0","1","true","false","4","0","16","19"
"235","GK","0","0","true","false","3","0","17","1"
"236","RB","0","0","true","false","3","0","17","14"
"237","LCB","0","0","true","false","3","0","17","9"
"238","RCB","0","0","true","false","3","0","17","6"
"239","LB","0","0","true","false","3","0","17","12"
"241","RCM","0","0","true","false","3","0","17","15"
"242","LCM","0","0","true","false","3","0","17","16"
"243","RW","0","0","true","false","3","0","17","19"
"244","LW","0","0","true","false","3","0","17","23"
"245","RCF","0","0","true","false","3","0","17","25"
"249","RW","0","0","false","true","3","0","17","18"
"248","RCF","0","0","false","true","3","0","17","24"
"247","RCM","0","0","false","true","3","0","17","20"
"246","LB","0","0","false","true","3","0","17","7"
"240","HDM","0","0","true","false","3","1","17","17"